construct,model_summary_R_unsigned,r_squared,adjusted_r_squared,f_change,p_reported
Perceived Ease of Use,0.635,0.403,0.401,208.959,<0.001
Perceived Usefulness,0.690,0.476,0.474,280.222,<0.001
Perceived Locational Accuracy,0.631,0.398,0.396,204.114,<0.001
Perceived Processing Speed,0.687,0.472,0.470,275.993,<0.001
Service and Display Quality,0.686,0.470,0.469,274.265,<0.001
Distraction Perception,0.279,0.078,0.075,26.162,<0.001
Satisfaction,0.767,0.588,0.587,440.774,<0.001
Social Influence,0.493,0.243,0.241,99.414,<0.001
Trust,0.731,0.534,0.533,354.727,<0.001
